,zh_CN,en,pt,vi_VN
momoi_ps_0,子弹伤害有概率点燃敌人，对燃烧中的敌人造成额外伤害，异常伤害额外提升10%。,Bullet damage has a chance to ignite enemies. Deals bonus damage to burning enemies. Increases Anomaly damage by an additional 10%.,O dano de bala tem chance de incendiar os inimigos. Causa dano bônus a inimigos em chamas. Aumenta o Dano de Anomalia em mais 10%.,"ST đạn có xác suất thiêu đốt kẻ địch, gây thêm ST lên kẻ địch đang bị thiêu đốt, ST dị thường tăng thêm 10%."
momoi_ps_1,子弹伤害有较高概率点燃敌人，燃烧有概率向周围扩。,Bullet damage has a high chance to ignite enemies. Burning has a chance to spread to nearby targets.,O dano de bala tem alta chance de incendiar os inimigos. A queimadura tem chance de se espalhar para alvos próximos.,"ST đạn có xác suất cao thiêu đốt kẻ địch, thiêu đốt có xác suất lan sang các mục tiêu lân cận."
momoi_ps_2,子弹伤害有更高概率点燃敌人，燃烧上限+5。,Bullet damage has a higher chance to ignite enemies. Increases burn stack limit by +5.,O dano de bala tem uma chance ainda maior de incendiar os inimigos. Aumenta o limite de acúmulo de queimadura em +5.,"ST đạn có xác suất cao hơn để thiêu đốt kẻ địch, giới hạn cộng dồn thiêu đốt +5."
momoi_ps_3,子弹伤害必定点燃敌人，且对燃烧中的敌人额外施加1层燃烧，燃烧上限+8。,Bullet damage always ignites enemies. Applies 1 additional burn stack to burning enemies. Increases burn stack limit by +8.,O dano de bala sempre incendeia os inimigos. Aplica 1 acúmulo adicional de queimadura a inimigos em chamas. Aumenta o limite de acúmulo de queimadura em +8.,"ST đạn luôn thiêu đốt kẻ địch, và gây thêm 1 tầng thiêu đốt lên kẻ địch đang bị cháy, giới hạn cộng dồn thiêu đốt +8."
midori_ps_0,弹匣内前50%子弹可对敌人施加中毒异常，异常伤害获得额外10%加成。,The first 50% of bullets in the magazine apply poison anomaly to enemies. Anomaly damage gains an additional 10% bonus.,Os primeiros 50% das balas no pente aplicam anomalia de veneno aos inimigos. O Dano de Anomalia ganha um bônus adicional de 10%.,"50% lượng đạn đầu tiên trong băng đạn gây trạng thái dị thường trúng độc cho kẻ địch, ST dị thường nhận thêm 10% cộng thêm."
midori_ps_1,毒伤害击杀敌人会向范围内最近5个敌人扩散1次中毒异常。,Killing an enemy with poison damage spreads poison anomaly to the 5 closest enemies within range.,Matar um inimigo com dano de veneno espalha a anomalia de veneno para os 5 inimigos mais próximos no alcance.,ST độc khi kết liễu kẻ địch sẽ lan truyền 1 lần trạng thái trúng độc sang 5 kẻ địch gần nhất trong phạm vi.
midori_ps_2,毒伤害击杀敌人会向范围内最近10个敌人扩散2次中毒异常。,"Killing an enemy with poison damage spreads poison anomaly to the 10 closest enemies within range, applying it twice.","Matar um inimigo com dano de veneno espalha a anomalia de veneno para os 10 inimigos mais próximos no alcance, aplicando duas vezes.",ST độc khi kết liễu kẻ địch sẽ lan truyền 2 lần trạng thái trúng độc sang 10 kẻ địch gần nhất trong phạm vi.
midori_ps_3,弹匣内所有子弹转变为毒属性，且受异常伤害加成。,All bullets in the magazine are converted to poison type and benefit from anomaly damage bonuses.,Todas as balas no pente são convertidas para o tipo veneno e recebem os bônus de Dano de Anomalia.,Tất cả đạn trong băng chuyển sang thuộc tính độc và được hưởng cộng thêm từ ST dị thường.
aris_ps_0,射击不消耗弹药，持续射击会使武器过热，随过热程度提升暴击率和子弹伤害。,Firing does not consume ammo. Continuous firing causes the weapon to overheat. Critical hit rate and bullet damage increase with the level of overheat.,Atirar não consome munição. Disparos contínuos causam superaquecimento da arma. A taxa de Acerto Crítico e o Dano de Bala aumentam com o nível de superaquecimento.,"Bắn không tiêu tốn đạn dược. Bắn liên tục sẽ khiến vũ khí bị quá nhiệt, tỷ lệ bạo kích và ST đạn tỉ lệ thuận với mức độ quá nhiệt."
aris_ps_1,过热能够提供额外的穿透值，最高+8穿透值。,"Overheat provides additional penetration value, up to a maximum of +8 penetration.","O superaquecimento fornece valor adicional de perfuração, até um máximo de +8 de perfuração.","Quá nhiệt cung cấp thêm chỉ số xuyên thấu, tối đa +8 xuyên thấu."
aris_ps_2,过热充能提供的暴击率提高到+18%，最高+36%。,过热充能提供的暴击率提高到+18%，最高+36%。,"A taxa de acerto crítico fornecida pela carga de superaquecimento é aumentada para +18%, até um máximo de +36%.","Tỷ lệ bạo kích từ tích lũy quá nhiệt tăng lên +18%, tối đa +36%."
aris_ps_3,过热充能提供的暴击率提高到+25%最高+50%，以及每层+50%子弹伤害。,"The critical hit rate provided by overheat charge is increased to +25%, up to a maximum of +50%, along with +50% bullet damage per stack.","A taxa de acerto crítico fornecida pela carga de superaquecimento é aumentada para +25%, até um máximo de +50%, juntamente com +50% de Dano de Bala por acúmulo.","Tỷ lệ bạo kích từ tích lũy quá nhiệt tăng lên +25%, tối đa +50%, đồng thời mỗi tầng tăng +50% ST đạn."
yuzu_ps_0,子弹造成范围爆炸伤害，连续造成命中可叠加提高2%子弹伤害，中断时清空。,Bullets deal area-of-effect explosive damage. Consecutive hits stack to increase bullet damage by 2% per stack. Resets when interrupted.,As balas causam dano explosivo em área. Acertos consecutivos acumulam um aumento no Dano de Bala de 2% por acúmulo. Zera quando interrompido.,"Đạn gây ST nổ diện rộng, các đòn trúng đích liên tiếp sẽ cộng dồn thên 2% ST đạn, bị ngắt quãng thì sẽ xóa sạch"
yuzu_ps_1,+25%暴击伤害，每提升1%暴击伤害额外提升1%射速。,"+25% Critical Damage. For every 1% Critical Damage gained, increases Fire Rate by an additional 1%.","+25% de Dano Crítico. Para cada 1% de Dano Crítico ganho, aumenta a Cadência de Tiro em +1%.","+25% ST chí mạng, mỗi 1% ST chí mạng gây ra sẽ tăng thêm 1% tốc độ đánh."
yuzu_ps_2,+25%暴击伤害，换弹后3秒内提升50%暴击伤害。,"+25% Critical Damage. For 3 seconds after reloading, Critical Damage is increased by an additional 50%.","+25% de Dano Crítico. Por 3 segundos após recarregar, o Dano Crítico é aumentado em mais 50%.","+25% ST chí mạng trong vòng 3 giây. Sau khi thay đạn, tăng thêm 50% ST chí mạng."
yuzu_ps_3,+25%暴击伤害，连击还可提高5%暴击伤害。,+25% Critical Damage. Consecutive hits further increase Critical Damage by 5%.,+25% de Dano Crítico. Acertos consecutivos aumentam ainda mais o Dano Crítico em 5%.,"+25% ST chí mạng, duy trì chuỗi đòn đánh còn có thể tăng 5% ST bạo kích."
hibiki_ps_0,不移动时可获得额外射程和100%子弹伤害，击中地图上的标记点可引发额外3次爆炸。（弹匣固定为1）,"While stationary, gains additional range and 100% bullet damage. Hitting marked points on the map triggers 3 additional explosions.(Magazine size is fixed at 1.)","Enquanto parada, ganha alcance adicional e 100% de Dano de Bala. Acertar pontos marcados no mapa aciona 3 explosões adicionais. (O tamanho do pente é fixo em 1).","Khi đứng yên sẽ nhận thêm tầm bắn và 100% ST đạn, bắn trúng các điểm đánh dấu trên bản đồ sẽ gây thêm 3 lần nổ. (Băng đạn Luôn ở 1)"
hibiki_ps_1,每次命中标记永久+1%爆炸范围，标记点可同时存在5个。,Each hit on a marked point permanently increases explosion radius by 1%. Up to 5 marked points can exist at the same time.,Cada acerto em um ponto marcado aumenta permanentemente o raio de explosão em 1%. Até 5 pontos marcados podem existir simultaneamente.,"Mỗi lần bắn trúng điểm đánh dấu sẽ tăng vĩnh viễn 1% phạm vi nổ, tối đa có 5 điểm đánh dấu tồn tại cùng lúc."
hibiki_ps_2,不移动时获得50%伤害减免和50%抗击退，标记点可同时存在8个。,"While stationary, gains 50% damage reduction and 50% knockback resistance. Up to 8 marked points can exist at the same time.","Enquanto parada, ganha 50% de redução de dano e 50% de resistência a repulsão. Até 8 pontos marcados podem existir simultaneamente.","Khi đứng yên nhận 50% giảm thương và 50% kháng đẩy lùi, tối đa có 8 điểm đánh dấu tồn tại cùng lúc."
hibiki_ps_3,不移动时每秒叠加10%子弹伤害，移动后清空，击中地图上的标记点可引发额外5次爆炸。,"While stationary, stacks 10% bullet damage per second. Resets upon moving. Hitting marked points on the map triggers 5 additional explosions.","Enquanto parada, acumula 10% de Dano de Bala por segundo. Zera ao se mover. Acertar pontos marcados no mapa aciona 5 explosões adicionais.","Khi đứng yên mỗi giây cộng dồn 10% ST đạn, di chuyển sẽ xóa sạch, bắn trúng các điểm đánh dấu trên bản đồ sẽ gây thêm 5 lần nổ."
utaha_ps_0,初始召唤一台雷酱MK-III，近战使用扳手敲击，敲击召唤物可升级其6点基础攻击力。,Initially summons one Thundergun MK-III. Melee attacks use a wrench to strike. Striking the summon upgrades its base attack power by 6 points.,Inicialmente invoca uma Thundergun MK-III. Ataques corpo a corpo usam uma chave inglesa para golpear. Golpear a invocação aprimora seu Poder de Ataque base em 6 pontos.,"Ban đầu triệu hồi một Thunder-chan MK-III, cận chiến sử dụng cờ lê để gõ, gõ vào vật triệu hồi có thể nâng cấp thêm 6 điểm công cơ bản cho nó."
utaha_ps_1,召唤一台雷酱MK-II，召唤物每次升级可获得额外6点基础攻击力。,"Summons one Thundergun MK-II. Each time the summon is upgraded, it gains an additional 6 base attack power.","Invoca uma Thundergun MK-II. Cada vez que a invocação é aprimorada, ela ganha 6 adicionais de Poder de Ataque base.","Triệu hồi một Thunder-chan MK-II, vật triệu hồi mỗi lần nâng cấp sẽ nhận thêm 6 điểm công cơ bản."
utaha_ps_2,召唤一台雷酱MK-II，在自身一定范围内的召唤物提升25%攻击力和50%攻击速度。,Summons one Thundergun MK-II. Summons within a certain range of the caster gain 25% increased attack power and 50% increased attack speed.,Invoca uma Thundergun MK-II. Invocações dentro de um certo alcance do invocador ganham 25% de aumento no Poder de Ataque e 50% de aumento na Velocidade de Ataque.,"Triệu hồi một Thunder-chan MK-II, các vật triệu hồi trong phạm vi nhất định xung quanh bản thân tăng 25% công và 50% tốc độ đánh."
utaha_ps_3,射击可叠加标记（最大3层），召唤物攻击标记敌人可造成每层额外15%伤害。,Shots apply stacks of Mark (max 3 stacks). Summons deal an additional 15% damage per stack when attacking marked enemies.,Os disparos aplicam acúmulos de Marca (máx. 3 acúmulos). As invocações causam 15% de dano adicional por acúmulo ao atacar inimigos marcados.,"Bắn trúng kẻ địch sẽ cộng dồn đánh dấu (tối đa 3 tầng), vật triệu hồi tấn công kẻ địch bị đánh dấu sẽ gây thêm 15% ST mỗi tầng."
kotori_ps_0,射击前需要预热，子弹造成最大生命值10%的额外伤害，每发射15颗子弹可获得1点临时生命值。,Requires preheating before firing. Bullets deal bonus damage equal to 10% of your max health. Every 15 bullets fired grants 1 Temp HP point.,Requer pré-aquecimento antes de atirar. As balas causam dano bônus igual a 10% do seu HP máximo. Cada 15 balas disparadas concedem 1 ponto de HP Temporário.,"Cần làm nóng trước khi bắn, đạn gây thêm ST bằng 10% máu tối đa, mỗi 15 viên đạn bắn ra nhận được 1 điểm máu tạm thời."
kotori_ps_1,子弹弹道+1，临时生命值上限提升50%，子弹造成最大生命值20%的额外伤害。,Bullet trajectory +1. Max Temp HP +50%. Bullets deal bonus damage equal to 20% of your max health.,Trajetória da bala +1. HP Temp Máximo +50%. As balas causam dano bônus igual a 20% do seu HP máximo.,"Số tia đạn +1, giới hạn máu tạm thời tăng 50%, đạn gây thêm ST bằng 20% máu tối đa."
kotori_ps_2,子弹弹道+1，临时生命值上限提升75%，子弹造成最大生命值40%的额外伤害。,Bullet trajectory +1. Max Temp HP +75%. Bullets deal bonus damage equal to 40% of your max health.,Trajetória da bala +1. HP Temp Máximo +75%. As balas causam dano bônus igual a 40% do seu HP máximo.,"Số tia đạn +1, giới hạn máu tạm thời tăng 75%, đạn gây thêm ST bằng 40% máu tối đa."
kotori_ps_3,临时生命值上限提升100%，子弹造成最大生命值80%的额外伤害。,Max Temp HP +100%. Bullets deal bonus damage equal to 80% of your max health.,HP Temp Máximo +100%. As balas causam dano bônus igual a 80% do seu HP máximo.,"Giới hạn máu tạm thời tăng 100%, đạn gây thêm ST bằng 80% máu tối đa."
megu_ps_0,按扇形射击，子弹可受异常伤害加成并造成火焰伤害，命中时点燃敌人。,Fires in a cone pattern. Bullets benefit from anomaly damage bonuses and deal fire damage. Ignites enemies on hit.,Dispara em um padrão de cone. As balas recebem bônus de Dano de Anomalia e causam dano de fogo. Incendeia os inimigos ao acertar.,"Bắn theo hình quạt, đạn nhận cộng thêm từ ST dị thường và gây ST hỏa, thiêu đốt kẻ địch khi trúng đích."
megu_ps_1,火焰子弹消失时有概率留下一个燃烧场每造成8次伤害对敌人造成5%（BOSS为1%）最大生命值的持续伤害。,"When fire bullets disappear, they have a chance to leave behind a burning field. For every 8 instances of damage dealt, it deals damage over time equal to 5% (1% for bosses) of the target's max health.","Quando as balas de fogo desaparecem, elas têm a chance de deixar um campo em chamas. Para cada 8 instâncias de dano causadas, ele causa dano contínuo igual a 5% (1% para chefes) do HP máximo do alvo.","Đạn lửa khi biến mất có xác suất để lại một vùng cháy, mỗi khi gây 8 lần ST sẽ gây cho kẻ địch ST duy trì bằng 5% (BOSS là 1%) máu tối đa."
megu_ps_2,燃烧场伤害提升为10%（BOSS为1%）最大生命值，燃烧上限+6。,Burning field damage is increased to 10% (1% for bosses) of max health. Increases burn stack limit by +6.,O dano do campo em chamas é aumentado para 10% (1% para chefes) do HP máximo. Aumenta o limite de acúmulo de queimadura em +6.,"ST vùng cháy tăng lên 10% (BOSS là 1%) máu tối đa, giới hạn cộng dồn thiêu đốt +6."
megu_ps_3,不可阻挡的热火！火焰子弹可以穿透所有敌人。,Unstoppable flames! Fire bullets can penetrate all enemies.,Chamas imparáveis! As balas de fogo podem perfurar todos os inimigos.,Ngọn lửa rực cháy! Đạn lửa có thể xuyên qua tất cả kẻ địch.
kasumi_ps_0,近战使用钻头攻击可受装备伤害加成，每发射1颗子弹可提高1层充能（最高30层）。,Melee attacks using the drill benefit from equipment damage bonuses. Each bullet fired increases charge by 1 stack (up to 30 stacks).,Ataques corpo a corpo usando a broca recebem bônus de dano de equipamento. Cada bala disparada aumenta a carga em 1 acúmulo (até 30 acúmulos).,"Cận chiến sử dụng mũi khoan tấn công có thể nhận cộng thêm ST trang bị, mỗi khi bắn 1 viên đạn sẽ tăng 1 tầng tích năng lượng (tối đa 30 tầng)."
kasumi_ps_1,提高钻头的伤害频率，钻头每次造成伤害获得1%充能（暴击为2%）并提升1%暴击伤害，钻头每充能100%造成一次最高充能的爆炸，回合结束清空。,"Increases the damage frequency of the drill. Each time the drill deals damage, it gains 1% charge (2% on critical hits) and increases critical damage by 1%. When the drill reaches 100% charge, it triggers an explosion dealing damage based on the maximum charge. Resets at the end of the turn.","Aumenta a frequência de dano da broca. Cada vez que a broca causa dano, ganha 1% de carga (2% em acertos críticos) e aumenta o dano crítico em 1%. Quando a broca chega a 100% de carga, aciona uma explosão que causa dano baseado na carga máxima. Zera no final do turno.","Tăng tần suất ST của mũi khoan, mỗi lần mũi khoan gây ST sẽ nhận 1% tích năng lượng (bạo kích là 2%) và tăng 1% ST bạo kích, mỗi khi mũi khoan tích đủ 100% năng lượng sẽ gây ra một vụ nổ ST cực đại, xóa sạch khi kết thúc vòng."
kasumi_ps_2,射速+15%，最大充能层数提高到60层，提高钻头的伤害频率。,Fire rate +15%. Maximum charge stacks increased to 60. Increases the damage frequency of the drill.,Cadência de Tiro +15%. Limite máximo de carga aumentado para 60. Aumenta a frequência de dano da broca.,"Tốc độ bắn +15%, số tầng tích năng lượng tối đa tăng lên 60 tầng, tăng tần suất ST của mũi khoan."
kasumi_ps_3,换弹速度+30%，最大充能层数提高到99层。,Reload speed +30%. Maximum charge stacks increased to 99.,Velocidade de Recarga +30%. Limite máximo de carga aumentado para 99.,"Tốc độ thay đạn +30%, số tầng tích năng lượng tối đa tăng lên 99 tầng."
hoshino_ps_0,远程击杀获得近战充能强化下一次近战攻击，近战击杀获得远程充能强化下一次射击。,"Ranged kills grant melee charge, empowering the next melee attack. Melee kills grant ranged charge, empowering the next shot.","Abates à distância concedem carga corpo a corpo, fortalecendo o próximo ataque corpo a corpo. Abates corpo a corpo concedem carga à distância, fortalecendo o próximo disparo.","Kết liễu tầm xa nhận tích năng lượng cận chiến để cường hóa đòn đánh cận chiến tiếp theo, kết liễu cận chiến nhận tích năng lượng tầm xa để cường hóa phát bắn tiếp theo."
hoshino_ps_1,+25%子弹伤害，强化近战造成击杀时可以补充1颗子弹。,+25% Bullet Damage. Empowered melee kills refund 1 bullet.,+25% de Dano de Bala. Abates corpo a corpo fortalecido devolvem 1 bala.,"+25% ST đạn, đòn cận chiến cường hóa khi kết liễu kẻ địch có thể hồi lại 1 viên đạn."
hoshino_ps_2,+25%近战伤害，强化远程的伤害+80%，穿透值提升4。,+25% Melee Damage. Empowered ranged damage +80%. Increases penetration by 4.,+25% de Dano Corpo a Corpo. Dano à distância fortalecido +80%. Aumenta a perfuração em 4.,"+25% ST cận chiến, ST tầm xa cường hóa +80%, chỉ số xuyên thấu tăng 4."
hoshino_ps_3,+25%射速，子弹或近战造成暴击也可获得对应充能。,+25% Fire Rate. Critical hits from bullets or melee attacks also grant the corresponding charge.,+25% de Cadência de Tiro. Acertos críticos de balas ou ataques corpo a corpo também concedem a carga correspondente.,"+25% tốc độ bắn, đạn hoặc đòn cận chiến khi gây bạo kích cũng có thể nhận được tích năng lượng tương ứng."
nonomi_ps_0,子弹命中有概率获得1硬币，弹匣为0时仍可消耗1%硬币进行射击，子弹基础伤害只受硬币影响（30%）。,"Bullet hits have a chance to grant 1 Coin. When the magazine is empty, you can still fire by consuming 1% of your Coins. Base bullet damage is affected only by Coins (30%).","Acertos de bala têm chance de conceder 1 Moeda. Quando o pente estiver vazio, você ainda pode atirar consumindo 1% de suas Moedas. O Dano de Bala base é afetado apenas por Moedas (30%).","Đạn trúng đích có xác suất nhận 1 xu, khi băng đạn bằng 0 vẫn có thể tiêu tốn 1% xu để bắn, ST cơ bản của đạn chỉ chịu ảnh hưởng bởi số xu (30%)."
nonomi_ps_1,每持续射击3秒+1弹道（最高+2），回合开始时额外获得当前10%的硬币。,"Each 3 seconds of continuous firing grants +1 bullet trajectory (up to +2). At the start of the turn, gain an additional 10% of current Coins.","Cada 3 segundos de disparos contínuos concedem +1 na trajetória da bala (até +2). No início do turno, ganha 10% adicionais das Moedas atuais.","Mỗi khi bắn liên tục 3 giây tăng +1 tia đạn (tối đa +2), khi bắt đầu vòng nhận thêm 10% số xu hiện có."
nonomi_ps_2,持续射击可最高+3弹道，子弹基础伤害比例提升到40%，每消耗300硬币可+1弹匣上限。,Continuous firing grants up to +3 bullet trajectory. Base bullet damage ratio increased to 40%. Every 300 Coins consumed increases magazine capacity by +1.,Disparos contínuos concedem até +3 na trajetória da bala. A proporção de Dano de Bala base aumentou para 40%. Cada 300 Moedas consumidas aumentam a capacidade do pente em +1.,"Bắn liên tục có thể tăng tối đa +3 tia đạn, tỷ lệ ST cơ bản của đạn tăng lên 40%, mỗi khi tiêu tốn 300 xu sẽ tăng +1 giới hạn băng đạn."
nonomi_ps_3,持续射击可最高+5弹道，子弹基础伤害比例提升到50%。,Continuous firing grants up to +5 bullet trajectory. Base bullet damage ratio increased to 50%.,Disparos contínuos concedem até +5 na trajetória da bala. A proporção de Dano de Bala base aumentou para 50%.,"Bắn liên tục có thể tăng tối đa +5 tia đạn, tỷ lệ ST cơ bản của đạn tăng lên 50%."
serika_ps_0,可负债花费，负债状态降低全部属性（-10%/-20%/-40%/-60%/-99%），回合开始时不负债则解除。,"Allows spending into debt. While in debt, all attributes are reduced (-10% / -20% / -40% / -60% / -99%). If not in debt at the start of the turn, the effect is removed.","Permite gastar até ficar em dívida. Enquanto estiver em dívida, todos os atributos são reduzidos (-10% / -20% / -40% / -60% / -99%). Se não estiver em dívida no início do turno, o efeito é removido.","Có thể chi tiêu quá số xu hiện có (mắc nợ), trạng thái mắc nợ sẽ giảm toàn bộ thuộc tính (-10%/-20%/-40%/-60%/-99%), nếu bắt đầu vòng không còn nợ sẽ được giải trừ."
serika_ps_1,处于负债状态时，硬币获取提高（20%/40%/80%/150%/300%）。,"While in debt, Coin gain is increased (20% / 40% / 80% / 150% / 300%).","Enquanto estiver em dívida, o ganho de Moedas é aumentado (20% / 40% / 80% / 150% / 300%).","Khi ở trạng thái mắc nợ, lượng xu nhận được tăng lên (20%/40%/80%/150%/300%)."
serika_ps_2,+25%射速，每获取一个道具+3%全局伤害。,+25% Fire Rate. Gain +3% Global Damage for each item obtained.,+25% de Cadência de Tiro. Ganhe +3% de Dano Global para cada item obtido.,"+25% tốc độ bắn, mỗi khi nhận được một đạo cụ tăng +3% ST toàn cục."
serika_ps_3,+25%射速，每1%射速额外提供1%子弹伤害。,+25% Fire Rate. Every 1% Fire Rate provides an additional 1% Bullet Damage.,+25% de Cadência de Tiro. Cada 1% de Cadência de Tiro fornece +1% de Dano de Bala adicional.,"+25% tốc độ bắn, mỗi 1% tốc độ bắn cung cấp thêm 1% ST đạn."
shiroko_ps_0,初始持有白子的无人机，装备造成伤害可为当前弹匣提高1点基础子弹伤害。,Initially holds Shiroko's drone. Damage dealt by equipped items increases the current magazine's base bullet damage by 1.,Inicia a partida com o drone da Shiroko. O dano causado por itens equipados aumenta o Dano de Bala base do pente atual em 1.,"Ban đầu sở hữu Drone của Shiroko, ST do trang bị gây ra có thể tăng 1 điểm ST đạn cơ bản cho băng đạn hiện tại."
shiroko_ps_1,白子的无人机+1，提高的基础伤害增加至2，装备造成击杀后+1%暴击率，回合结束清空。,"Shiroko's Drone +1. Equip damage now increases current magazine's base bullet damage by 2 (was 1). Equip kills grant +1% Critical Rate, reset at end of turn.","Drone da Shiroko +1. Dano de equipamento agora aumenta o Dano de Bala base do pente atual em 2. Abates com equipamento concedem +1% de Taxa Crítica, zera no final do turno.","Drone của Shiroko +1, ST cơ bản tăng lên 2 điểm, sau khi trang bị kết liễu kẻ địch tăng +1% tỷ lệ bạo kích, xóa sạch khi kết thúc vòng."
shiroko_ps_2,白子的无人机+1，每次造成暴击+2%装备伤害，回合结束清空。,Shiroko's Drone +1. Each critical hit grants +2% Equip Damage. Resets at the end of the turn.,Drone da Shiroko +1. Cada acerto crítico concede +2% de Dano de Equipamento. Zera no final do turno.,"Drone của Shiroko +1, mỗi khi gây bạo kích tăng +2% ST trang bị, xóa sạch khi kết thúc vòng."
shiroko_ps_3,白子的无人机+2，提高的基础伤害增加至4，使当前装备伤害加成翻倍。,Shiroko's Drone +2. Equip damage now increases current magazine's base bullet damage by 4 (was 2). Doubles current Equip Damage bonuses.,Drone da Shiroko +2. Dano de equipamento agora aumenta o Dano de Bala base do pente atual em 4. Dobra os bônus atuais de Dano de Equipamento.,"Drone của Shiroko +2, ST cơ bản tăng lên 4 điểm, làm tăng gấp đôi chỉ số cộng thêm ST trang bị hiện tại."
ichika_ps_0,每回合开始召唤一个杂鱼酱，可继承60%子弹伤害且受到伤害会传递给一花，当生命值为0时撤离一个杂鱼酱恢复50%HP。,"At the start of each round, summon a Mob-chan. Inherits 60% Bullet Damage, and damage taken is transferred to Ichika. When HP reaches 0, one Mob-chan retreats and restores 50% HP.","No início de cada rodada, invoca uma Mob-chan. Herda 60% do Dano de Bala, e o dano recebido é transferido para Ichika. Quando o HP chega a 0, uma Mob-chan se retira e restaura 50% de HP.","Bắt đầu mỗi vòng triệu hồi một Mob-chan, thừa hưởng 60% ST đạn và ST phải chịu sẽ truyền sang Ichika, khi máu về 0 một Mob-chan sẽ rút lui để hồi 50% HP."
ichika_ps_1,+25%召唤物伤害，提高杂鱼酱30%射速，杂鱼酱撤离时回复的生命值提高到70%。,+25% Summon Damage. Increases Mob-chan's Fire Rate by 30%. The HP restored when Mob-chan retreats is increased to 70%.,+25% de Dano de Invocação. Aumenta a Cadência de Tiro da Mob-chan em 30%. O HP restaurado quando a Mob-chan recua é aumentado para 70%.,"+25% ST vật triệu hồi, tăng 30% tốc độ bắn cho Mob-chan, lượng máu hồi phục khi Mob-chan rút lui tăng lên 70%."
ichika_ps_2,+25%召唤物伤害，提高杂鱼酱30%射速，杂鱼酱撤离时回复的生命值提高到100%。,+25% Summon Damage. Increases Mob-chan's Fire Rate by 30%. The HP restored when Mob-chan retreats is increased to 100%.,+25% de Dano de Invocação. Aumenta a Cadência de Tiro da Mob-chan em 30%. O HP restaurado quando a Mob-chan recua é aumentado para 100%.,"+25% ST vật triệu hồi, tăng 30% tốc độ bắn cho Mob-chan, lượng máu hồi phục khi Mob-chan rút lui tăng lên 100%."
ichika_ps_3,+25%召唤物伤害，场上每有一个杂鱼酱提供25%召唤物伤害。,+25% Summon Damage. Each Mob-chan on the field grants 25% Summon Damage.,+25% de Dano de Invocação. Cada Mob-chan no campo concede 25% de Dano de Invocação.,"+25% ST vật triệu hồi, mỗi Mob-chan trên sân cung cấp thêm 25% ST vật triệu hồi."
tsurugi_ps_0,近战替换为霰弹枪射击，最大弹匣上限为2，当前生命值越低子弹伤害越高（最高加成800%）。,"Melee is replaced with shotgun fire. Maximum magazine size is 2. The lower your current HP, the higher the bullet damage (up to 800% bonus).","O ataque corpo a corpo é substituído por tiros de escopeta. O tamanho máximo do pente é 2. Quanto menor seu HP atual, maior o dano da bala (bônus de até 800%).","Cận chiến được thay thế bằng bắn súng săn, giới hạn băng đạn tối đa là 2, máu hiện tại càng thấp ST đạn càng cao (cộng thêm tối đa 800%)."
tsurugi_ps_1,生命值为0时获得5秒濒死，造成击杀回复8%生命值，5秒内回满生命值则复活并永久提升20%子弹伤害和2穿透值，否则失败（连续濒死会导致生命值加快减少）。,"Grants a 5-second Last Stand upon reaching 0 HP. Each kill restores 8% HP. If HP is fully restored within 5 seconds, revives and permanently increases Bullet Damage by 20% and Penetration by 2. Otherwise, fails (consecutive Last Stands cause HP to decrease faster).","Concede um 'Último Suspiro' de 5 segundos ao chegar a 0 de HP. Cada abate restaura 8% de HP. Se o HP for totalmente restaurado dentro de 5 segundos, revive e aumenta permanentemente o Dano de Bala em 20% e a Perfuração em 2. Caso contrário, falha (Últimos Suspiros consecutivos fazem com que o HP caia mais rápido).","Khi máu về 0 nhận được 5 giây hấp hối, kết liễu kẻ địch hồi 8% máu, nếu hồi đầy máu trong 5 giây sẽ hồi sinh và tăng vĩnh viễn 20% ST đạn và 2 chỉ số xuyên thấu, nếu không sẽ thất bại (hấp hối liên tục khiến máu giảm nhanh hơn)."
tsurugi_ps_2,对距离越近的敌人造成的额外伤害越高（最高加成200%）。,Deals bonus damage based on proximity to the enemy (up to 200% at point-blank range).,Causa dano bônus com base na proximidade do inimigo (até 200% de bônus à queima-roupa).,Khoảng cách với kẻ địch càng gần ST cộng thêm càng cao (cộng thêm tối đa 200%).
tsurugi_ps_3,造成击杀时有10%概率装填1发弹药，当前生命值越低概率越高。,"Kills have a 10% chance to reload 1 bullet. The lower your current HP, the higher the chance.","Abates têm 10% de chance de recarregar 1 bala. Quanto menor seu HP atual, maior a chance.","Khi kết liễu kẻ địch có 10% xác suất nạp lại 1 viên đạn, máu hiện tại càng thấp xác suất càng cao."
mashiro_ps_0,半自动射击，长按可进行蓄力射击，随蓄力程度提高可增加每层35%子弹伤害（最高10层）。,Semi-automatic fire. Holding performs a charged shot. Charge level increases bullet damage by 35% per stack (up to 10 stacks).,Tiro semiautomático. Segurar o botão realiza um disparo carregado. O nível de carga aumenta o dano da bala em 35% por acúmulo (até 10 acúmulos).,"Bắn bán tự động, nhấn giữ có thể bắn tụ lực, ST đạn tăng 35% mỗi tầng theo mức độ tụ lực (tối đa 10 tầng)."
mashiro_ps_1,子弹造成伤害时有概率额外造成一次等额的伤害，概率随蓄力程度而提高。,Bullet damage has a chance to trigger an additional instance of equal damage. The chance increases with charge level.,O Dano de Bala tem chance de ativar uma instância adicional de dano igual. A chance aumenta com o nível de carga.,"Khi đạn gây ST có xác suất gây thêm một lần ST tương đương, xác suất tăng theo mức độ tụ lực."
mashiro_ps_2,+25%子弹伤害，蓄力速度提高，蓄力的最大层数提高至20层。,+25% Bullet Damage. Increased charge speed. Maximum charge stacks increased to 20.,+25% de Dano de Bala. Velocidade de carga aumentada. Limite máximo de carga aumentado para 20 acúmulos.,"+25% ST đạn, tốc độ tụ lực tăng, số tầng tụ lực tối đa tăng lên 20 tầng."
mashiro_ps_3,+25%子弹伤害，蓄力速度大幅提高，蓄力的最大层数提高至30层。,+25% Bullet Damage. Significantly increased charge speed. Maximum charge stacks increased to 30.,+25% de Dano de Bala. Velocidade de carga aumentada significativamente. Limite máximo de carga aumentado para 30 acúmulos.,"+25% ST đạn, tốc độ tụ lực tăng mạnh, số tầng tụ lực tối đa tăng lên 30 tầng."
hasumi_ps_0,半自动射击，最后一颗子弹造成击杀后立刻进行一次快速装填，每次换弹叠加5%暴击率。,Semi-automatic fire. Killing an enemy with the last bullet triggers an instant quick reload. Each reload grants +5% Critical Rate.,Tiro semiautomático. Matar um inimigo com a última bala aciona uma recarga rápida e instantânea. Cada recarga concede +5% de Taxa Crítica.,"Bắn bán tự động, viên đạn cuối cùng khi kết liễu kẻ địch sẽ lập tức thực hiện nạp đạn nhanh, mỗi lần nạp đạn cộng dồn 5% tỷ lệ bạo kích."
hasumi_ps_1,+15%暴击率，每1%暴击率可额外提升1%射速。,+15% Critical Rate. Every 1% Critical Rate grants an additional 1% Fire Rate.,+15% de Taxa Crítica. Cada 1% de Taxa Crítica concede 1% a mais de Cadência de Tiro.,"+15% tỷ lệ bạo kích, mỗi 1% tỷ lệ bạo kích tăng thêm 1% tốc độ bắn."
hasumi_ps_2,+15%暴击率，每次换弹叠加的暴击率提高至8%，子弹暴击造成击杀可永久提升1%子弹伤害。,+15% Critical Rate. The Critical Rate granted per reload is increased to 8%. Landing a killing blow with a critical hit permanently increases Bullet Damage by 1%.,+15% de Taxa Crítica. A Taxa Crítica concedida por recarga aumenta para 8%. Acertar um golpe fatal com um acerto crítico aumenta permanentemente o Dano de Bala em 1%.,"+15% tỷ lệ bạo kích, tỷ lệ bạo kích cộng dồn mỗi khi nạp đạn tăng lên 8%, đạn bạo kích khi kết liễu kẻ địch sẽ tăng vĩnh viễn 1% ST đạn."
hasumi_ps_3,+15%暴击率，每次换弹叠加的暴击率提高至15%，每溢出1%暴击率可额外提供2%暴击伤害。,+15% Critical Rate. The Critical Rate granted per reload is increased to 15%. Every 1% excess Critical Rate provides an additional 2% Critical Damage.,+15% de Taxa Crítica. A Taxa Crítica concedida por recarga aumenta para 15%. Cada 1% de Taxa Crítica em excesso fornece um adicional de 2% de Dano Crítico.,"+15% tỷ lệ bạo kích, tỷ lệ bạo kích cộng dồn mỗi khi nạp đạn tăng lên 15%, mỗi 1% tỷ lệ bạo kích dư thừa cung cấp thêm 2% ST bạo kích."
hina_ps_0,时机恰当可进行完美换弹，换弹后获得2层惩戒，每层+1弹道、+30%子弹伤害，每1秒衰减1层。,"When timed correctly, a perfect reload can be performed. After reloading, gain 2 stacks of **Retribution**. Each stack grants +1 Bullet Trajectory and +30% Bullet Damage. 1 stack decays every second.","Com o tempo certo, é possível realizar uma recarga perfeita. Após recarregar, ganhe 2 acúmulos de Punição. Cada acúmulo concede +1 na Trajetória da Bala e +30% de Dano de Bala. 1 acúmulo decai por segundo.","Khi thời điểm thích hợp có thể thực hiện nạp đạn hoàn hảo, sau khi nạp đạn nhận 2 tầng Trừng Phạt, mỗi tầng +1 tia đạn, +30% ST đạn, mỗi 1 giây giảm đi 1 tầng."
hina_ps_1,完美换弹可获得双倍层数，每持续射击1秒+5%射速、+3%子弹伤害。,Performing a perfect reload grants double the stacks. Each second of continuous firing grants +5% Fire Rate and +3% Bullet Damage.,Realizar uma recarga perfeita concede o dobro de acúmulos. Cada segundo de disparos contínuos concede +5% de Cadência de Tiro e +3% de Dano de Bala.,"Nạp đạn hoàn hảo nhận gấp đôi số tầng, mỗi giây bắn liên tục tăng +5% tốc độ bắn, +3% ST đạn."
hina_ps_2,完美换弹更加容易，对距离越远的敌人造成的额外伤害越高（最高加成350%）。,Perfect reloads become easier. Deal increased bonus damage to enemies based on distance (up to 350% at maximum range).,Recargas perfeitas ficam mais fáceis. Causa mais dano bônus a inimigos com base na distância (até 350% no alcance máximo).,"Nạp đạn hoàn hảo trở nên dễ dàng hơn, khoảng cách với kẻ địch càng xa ST cộng thêm càng cao (cộng thêm tối đa 350%)."
hina_ps_3,完美换弹非常容易，每持续射击1秒+10%射速、+5%子弹伤害。,Perfect reloads become very easy. Each second of continuous firing grants +10% Fire Rate and +5% Bullet Damage.,Recargas perfeitas ficam muito fáceis. Cada segundo de disparos contínuos concede +10% de Cadência de Tiro e +5% de Dano de Bala.,"Nạp đạn hoàn hảo trở nên rất dễ dàng, mỗi giây bắn liên tục tăng +10% tốc độ bắn, +5% ST đạn."
iori_ps_0,半自动射击，子弹穿透值耗尽时会分裂出3颗子弹，每颗子弹继承50%该子弹的伤害。,"Semi-automatic fire. When bullet Penetration is exhausted, the bullet splits into 3 projectiles, each inheriting 50% of the original bullet's damage.","Tiro semiautomático. Quando a perfuração da bala acaba, ela se divide em 3 projéteis, cada um herdando 50% do dano da bala original.","Bắn bán tự động, khi chỉ số xuyên thấu của đạn cạn kiệt sẽ phân tách thành 3 viên đạn, mỗi viên thừa hưởng 50% ST của viên đạn đó."
iori_ps_1,子弹弹射+2，分裂子弹继承的伤害提升至60%。,Bullet bounce +2. The damage inherited by split bullets is increased to 60%.,Ricochete da bala +2. O dano herdado pelas balas divididas aumenta para 60%.,"Đạn nảy +2, ST thừa hưởng của đạn phân tách tăng lên 60%."
iori_ps_2,子弹弹射+2，分裂子弹继承的伤害提升至80%，子弹每次弹射后提升20%该子弹的伤害。,"Bullet bounce +2. The damage inherited by split bullets is increased to 80%. Each time a bullet bounces, its damage increases by 20%.","Ricochete da bala +2. O dano herdado pelas balas divididas aumenta para 80%. Cada vez que uma bala ricocheteia, seu dano aumenta em 20%.","Đạn nảy +2, ST thừa hưởng của đạn phân tách tăng lên 80%, đạn mỗi khi nảy sẽ tăng 20% ST của viên đạn đó."
iori_ps_3,分裂子弹继承的伤害提升至100%，子弹每次弹射后提升50%该子弹的伤害。,"The damage inherited by split bullets is increased to 100%. Each time a bullet bounces, its damage increases by 50%.","O dano herdado pelas balas divididas aumenta para 100%. Cada vez que uma bala ricocheteia, seu dano aumenta em 50%.","ST thừa hưởng của đạn phân tách tăng lên 100%, đạn mỗi khi nảy sẽ tăng 50% ST của viên đạn đó."
aris_armed_ps_0,半自动射击，长按可消耗能量发射持续伤害的激光，跳跃可消耗能量可进入飞行姿态，回到地面时自动回复能量。,Semi-auto fire. Hold to spend energy for a sustained-damage laser. Jump to spend energy and fly; energy regenerates on the ground.,Tiro semiautomático. Segure para gastar energia e disparar um laser de dano contínuo. Pule para gastar energia e voar; a energia regenera no chão.,Bắn bán tự động. Giữ để tiêu hao năng lượng và bắn laser sát thương liên tục. Nhảy để tiêu hao năng lượng và bay; năng lượng tự hồi khi ở mặt đất.
aris_armed_ps_1,提高25能量上限和5自动回复量，蓄力的激光伤害提升至60%，射击命中敌人时可回复1能量。,Max energy +25 and regen +5. Charged laser damage up to 60%. Shots that hit enemies restore 1 energy.,Energia máx. +25 e regen +5. Dano do laser carregado até 60%. Tiros que acertam inimigos restauram 1 de energia.,Năng lượng tối đa +25 và hồi +5. Sát thương laser tích lực lên đến 60%. Bắn trúng kẻ địch hồi 1 năng lượng.
aris_armed_ps_2,提高25能量上限和5自动回复量，蓄力的激光伤害提升至80%，每消耗10能量可获得10%全局伤害加成，回合结束清空。,Max energy +25 and regen +5. Charged laser damage up to 80%. Every 10 energy spent grants +10% Global DMG (cleared at round end).,Energia máx. +25 e regen +5. Dano do laser carregado até 80%. A cada 10 de energia gastos ganha +10% de Dano Global (zera no fim da rodada).,Năng lượng tối đa +25 và hồi +5. Sát thương laser tích lực lên đến 80%. Mỗi 10 năng lượng tiêu hao nhận +10% Sát thương toàn phần (xóa khi hết vòng).
aris_armed_ps_3,提高50能量上限和5自动回复量，蓄力的激光伤害提升至120%，暴击时额外回复1能量，消耗能量获得的全局伤害加成提升为20%。,Max energy +50 and regen +5. Charged laser damage up to 120%. Crits restore +1 energy. Energy-spent Global DMG bonus becomes 20%.,Energia máx. +50 e regen +5. Dano do laser carregado até 120%. Críticos restauram +1 de energia. Bônus de Dano Global por energia gasta vira 20%.,Năng lượng tối đa +50 và hồi +5. Sát thương laser tích lực lên đến 120%. Chí mạng hồi thêm +1 năng lượng. Sát thương toàn phần từ năng lượng tiêu hao thành 20%.
ako_ps_0,子弹施加40%策反值，近战使用锁链钳制敌人施加策反值，被策反的敌人所造成的伤害也附加策反值。,"Bullets apply 40% Convert value. Melee attacks use a chain to restrain enemies and apply Convert value. Damage dealt by Converted enemies also applies Convert value.","Balas aplicam 40% de valor de Conversão. Ataques corpo a corpo usam uma corrente para prender inimigos e aplicar valor de Conversão. O dano causado por inimigos Convertidos também aplica valor de Conversão.","Đạn áp dụng 40% giá trị Chuyển hóa, cận chiến dùng xích trói kẻ địch để áp dụng giá trị Chuyển hóa, ST do kẻ địch bị Chuyển hóa gây ra cũng cộng thêm giá trị Chuyển hóa."
ako_ps_1,+25%异常伤害+10策反上限，可使用的锁链+1，提升锁链施加频率。,"+25% Anomaly Damage, +10 max Convert. Usable chains +1. Increases the rate at which chains are applied.","+25% de Dano de Anomalia, +10 de limite de Conversão. Correntes utilizáveis +1. Aumenta a frequência de aplicação das correntes.","+25% ST dị thường, +10 giới hạn Chuyển hóa, xích có thể sử dụng +1, tăng tần suất áp dụng xích."
ako_ps_2,+25%异常伤害+10策反上限，可使用的锁链+1，子弹暴击可施加120%策反值。,"+25% Anomaly Damage, +10 max Convert. Usable chains +1. Critical bullet hits can apply 120% Convert value.","+25% de Dano de Anomalia, +10 de limite de Conversão. Correntes utilizáveis +1. Acertos críticos de bala podem aplicar 120% de valor de Conversão.","+25% ST dị thường, +10 giới hạn Chuyển hóa, xích có thể sử dụng +1, đạn bạo kích có thể áp dụng 120% giá trị Chuyển hóa."
ako_ps_3,+50%异常伤害+10策反上限，可使用的锁链+1，提升锁链施加频率。,"+50% Anomaly Damage, +10 max Convert. Usable chains +1. Increases the rate at which chains are applied.","+50% de Dano de Anomalia, +10 de limite de Conversão. Correntes utilizáveis +1. Aumenta a frequência de aplicação das correntes.","+50% ST dị thường, +10 giới hạn Chuyển hóa, xích có thể sử dụng +1, tăng tần suất áp dụng xích."
chinatsu_ps_0,拾取医疗包可获得1层充能（最大10层），使用近战可消耗1层充能使用强化针提高20%全属性5秒。,"Picking up a medkit grants 1 charge stack (max 10 stacks). Using melee can consume 1 charge to use a booster shot, increasing all attributes by 20% for 5 seconds.","Coletar um kit médico concede 1 acúmulo de carga (máx. 10 acúmulos). Usar corpo a corpo pode consumir 1 carga para usar uma injeção de reforço, aumentando todos os atributos em 20% por 5 segundos.","Nhặt túi cứu thương nhận 1 tầng tích năng lượng (tối đa 10 tầng), sử dụng cận chiến có thể tiêu tốn 1 tầng tích năng lượng để dùng mũi tiêm tăng cường, tăng 20% toàn bộ thuộc tính trong 5 giây."
chinatsu_ps_1,使用强化针5秒内提高50%射速和移动速度，根据拥有的buff数量提升全局伤害（每1个buff提供+20%全局伤害）。,"For 5 seconds after using a booster shot, Fire Rate and Movement Speed +50%. Increases Global Damage based on the number of buffs you have (+20% Global Damage per buff).","Por 5 segundos após usar uma injeção de reforço, Cadência de Tiro e Velocidade de Movimento +50%. Aumenta o Dano Global com base no número de buffs que você possui (+20% de Dano Global por buff).","Sau khi dùng mũi tiêm tăng cường, trong 5 giây tăng 50% tốc độ bắn và tốc độ di chuyển, tăng ST toàn cục theo số lượng buff đang có (mỗi 1 buff cộng +20% ST toàn cục)."
chinatsu_ps_2,拾取医疗包可获得2层充能，当buff消耗时有50%概率获得1层充能。,"Picking up a medkit grants 2 charge stacks. When a buff is consumed, there is a 50% chance to gain 1 charge stack.","Coletar um kit médico concede 2 acúmulos de carga. Quando um buff é consumido, há 50% de chance de ganhar 1 acúmulo de carga.","Nhặt túi cứu thương nhận 2 tầng tích năng lượng, khi buff bị tiêu hao có 50% xác suất nhận 1 tầng tích năng lượng."
chinatsu_ps_3,+100%增益叠加上限，子弹命中敌人时，根据自身拥有的buff数量施加易伤（每1个buff提供+10%易伤）。,"+100% max buff stacks. When bullets hit an enemy, applies Vulnerability based on the number of buffs you have (+10% Vulnerability per buff).","+100% de limite máximo de acúmulos de buff. Quando as balas acertam um inimigo, aplica Vulnerabilidade com base no número de buffs que você possui (+10% de Vulnerabilidade por buff).","+100% giới hạn cộng dồn buff, khi đạn trúng kẻ địch sẽ áp dụng Dễ Bị Tổn Thương theo số lượng buff đang có (mỗi 1 buff cộng +10% Dễ Bị Tổn Thương)."
