,zh_CN,en,pt
arona_head_1,啦啦啦啦啦♪,La la la la la ♪,Lalalala~ ♪
arona_head_2,哼哼哼~♩,Hmm hmm hmm~ ♩,Hum hum hum~ ♩
arona_head_3,……唔嘿嘿嘿嘿。,…Ooh heh heh heh…,...Ehehehe~
arona_head_4,唔嘻，喵……,Ooh hee… Meow…,Uhi... Miau...
arona_lack_1,啊咧？青辉石不足...,Huh? Not enough Pyroxene...,"Ué? Faltou piroxênios, Sensei... Gastou tudo de novo?"
arona_surprise_1,啊呀？！,Oh ah?!,Eita?!
arona_surprise_2,嗯，呀！？,"Mmh, ah!?","Uou, hã!?"
arona_surprise_3,呜诶！？,Wah!?,Ué!?
arona_surprise_4,呜诶......,Wah...,Uaaa...
arona_work_in_1,我等您很久啦！,I've been waiting for you!,"Tava te esperando há um tempão, Sensei!"
arona_work_in_2,来，该处理工作了！,"Now, it's time to start work!","Bora lá, é hora de ralar!"
arona_work_in_3,您想先从哪件事 开始做起呢，老师？,"Which work would you like to start with, Sensei?","Por onde a gente começa hoje, Sensei?"
arona_work_in_4,我会帮老师一起 处理工作的！,"I'll help you with your work, Sensei!","Deixa comigo, vou te dar aquela forcinha com o trabalho!"
arona_work_talk_1,老师可以在这里 处理各种工作哦！,"You can start various kinds of work here, Sensei!","Dá pra resolver de tudo um pouco por aqui, Sensei!"
arona_work_talk_2,选择您想处理的工作吧。 我会在一旁帮您的！,Please select the work you'd like to do. I'll be right beside you to help!,"Escolhe logo o que quer fazer, eu tô de olho pra te ajudar!"
arona_work_talk_3,还有那么多工作要处理啊。 大人可真辛苦。,"There are so many tasks that need to be resolved. Being an adult is tough, isn't it.","Quanta coisa pra fazer... Vida de adulto não é nada fácil, né?"
arona_work_talk_4,还有很多事情需要处理哦！ 加油吧！,There are so many things that need to be resolved! Let's do our best!,"Tem muita bronca pra resolver ainda! Vê se não enrola, hein!"
arona_work_talk_5,偶尔也要为自己的健康着想哦。 老师，我会很担心的！,"You need to think about your own health sometimes, Sensei. I'm worried about you!","Vê se cuida dessa saúde também, Sensei! Senão vou ficar muito preocupada!"
arona_work_talk_6,呜哇……工作量好大啊。,Whoa... That's an enormous amount of work.,Nossa... É trabalho que não acaba mais.
arona_work_talk_7,来，加油吧！ 老师！,"Alright, let's do our best, Sensei!","Vambora, Sensei! Dá o seu melhor!"
plana_head_1,是这样呢。,So that's how it is.,"Ah, então é assim."
plana_head_2,嗯...原来如此。,Yeah... I see.,Uhum... Saquei.
plana_head_3,嗯...,Hmm...,Hum...
plana_head_4,嗯...,Hmm...,Hum...
plana_lack_1,嗯...青辉石不足...,Hmm... Not enough Pyroxene...,Hum... Sensei está sem piroxênios... Que pena.
plana_surprise_1,啊...,Ah...,Ah...
plana_surprise_2,嗯...,Hmm...,Hum...
plana_surprise_3,困扰。,This is troubling.,Isso é complicado.
plana_surprise_4,....,...,...
plana_work_in_1,确认连接。,Connection confirmed.,Conexão confirmada.
plana_work_in_2,等您很久了。,I've been waiting for you.,Já estava achando que você não vinha.
plana_work_in_3,是开始工作的时间了。,It's time to start work.,"Hora de trabalhar, Sensei. Sem corpo mole."
plana_work_in_4,要开始哪个工作呢，老师。,"Which task will you begin with, Sensei?","Vai começar por onde, Sensei?"
plana_work_in_5,待机中，存在大量待解决事件。,Standing by. There are numerous tasks that must be resolved.,No aguardo. Tem uma montanha de pendências para você resolver.
plana_work_talk_1,老师可以在这里进行各种工作。,"You can proceed with various tasks here, Sensei.",Você pode cuidar de todas as suas pendências por aqui.
plana_work_talk_2,请您选择想要进行的工作。,Please select the task you wish to do.,"Por favor, escolha logo o que vai fazer."
plana_work_talk_3,有很多亟需解决的工作。那么，拜托您了。,"There are many tasks that need to be resolved. Well then, I leave it to you.","Tem muita coisa urgente... Bom, o problema é todo seu agora."
plana_work_talk_4,混乱，无法理解的行为。请不要再戳我了，故障。,Chaotic. Unintelligible behavior. Please do not poke me. I will malfunction.,"Comportamento caótico e irracional... Sensei, pare de me cutucar ou eu vou pifar de propósito."
plana_work_talk_5,理解了，老师现在，没有特别想做的事情呢，很闲呢。,"Understood. You don't have anything in particular to do right now, Sensei. You sure are free, aren't you.","Entendido. Sensei não tem nada de útil para fazer agora... Está bem desocupado, não é?"
shop_purchase,确定购买,Buy?,Comprar?
